Agent,Fairness Penalty,Switching Cost,Total Reward
Context-Aware Q-Learning,12.561197644708203,1.0,-13.061197644708203
Heuristic (Best First),12.441505210241,0.5,-12.941505210241
Fixed (Biased Family),12.539568617919445,0.5,-13.039568617919445
Fixed (Fair Family),8.917255869347711,0.5,-9.417255869347711
Random,11.056352865528915,12.79,-11.797852865528915
