Agent,Total Reward,Switch Cost,WRS,ATE (Merit),DIE (Confounding),Time (ms)
Q-Learning (WRS Only),-11.13617685,0.05,0.8633539206682131,0.051943669,0.13334548456235745,0.10583804448445638
Q-Learning (DIE Only),-11.40124198,0.05,0.9937219587960934,0.039963592,0.1361735781979757,0.10467468897501628
Q-Learning (Combined),-11.11100394,0.05,0.940743844,0.04797549,0.1249947600636767,0.1039628028869629
Heuristic (WRS),-11.11915826,0.05,0.9321265748086781,0.039515592,0.14591789608798894,10.663806947072347
Fixed (Biased),-15.87728795,0.05,0.9937604152653566,0.058988927,0.15692787861908178,0.017594719
Fixed (Fair),-11.80427186,0.05,0.8993776363304478,0.068023231,0.15096732428724716,0.017655785878499346
Random,-14.18147512,0.2642,1.2194710469036174,0.026590263126420367,0.17226610154272187,0.019432036