Agent,Total Reward,Switching Cost,DIE Bias,DIE Merit,Plan Time (ms)
Q-Learning (WRS),-31.28150400308548,0.025,1.1461481731674112,0.03904763507601669,0.16859679222106935
Q-Learning (DIE),-31.3404616119093,0.025,1.1036163690928642,0.04874184461941454,0.16827626228332518
Heuristic (Best First),-47.03012168060657,0.025,1.5230188907644606,0.0445897304309153,0.04510498046875
Fixed (Biased Lane),-47.000708005233584,0.025,1.5227103202456702,0.045902976249313665,0.02703695297241211
Fixed (Fair Lane),-30.982093289893868,0.025,1.2199301994756298,0.040091543219233146,0.026674509048461914
Random,-38.72741517219107,0.26825,1.3767616820919715,0.030331309721034747,0.029292964935302736
